epoch,train_loss,val_dice,val_bce
1,63.508685,0.173054,0.675297
2,1.978693,0.243962,0.624559
